{
  "topic": {
    "precision": 0.8705882352941177,
    "recall": 0.8457142857142858,
    "f1": 0.8579710144927537,
    "accuracy": 0.8366666666666667,
    "correct": 251,
    "total": 300,
    "tp": 148,
    "fp": 22,
    "fn": 27,
    "tn": 103
  },
  "ner": {
    "micro": {
      "precision": 0.816179415298358,
      "recall": 0.810337972166998,
      "f1": 0.8132482043096568
    },
    "tp": 2038,
    "pred_total": 2497,
    "gold_total": 2515,
    "per_type": {
      "病害": {
        "precision": 0.9139784946236559,
        "recall": 0.8793103448275862,
        "f1": 0.8963093145869947,
        "tp": 255,
        "pred": 279,
        "gold": 290
      },
      "周期": {
        "precision": 0.7580645161290323,
        "recall": 0.7253086419753086,
        "f1": 0.7413249211356466,
        "tp": 235,
        "pred": 310,
        "gold": 324
      },
      "作物": {
        "precision": 0.8770949720670391,
        "recall": 0.8820224719101124,
        "f1": 0.8795518207282913,
        "tp": 314,
        "pred": 358,
        "gold": 356
      },
      "部位": {
        "precision": 0.6810810810810811,
        "recall": 0.6737967914438503,
        "f1": 0.6774193548387096,
        "tp": 126,
        "pred": 185,
        "gold": 187
      },
      "虫害": {
        "precision": 0.8712871287128713,
        "recall": 0.8943089430894309,
        "f1": 0.8826479438314944,
        "tp": 440,
        "pred": 505,
        "gold": 492
      },
      "药剂": {
        "precision": 0.8017817371937639,
        "recall": 0.7843137254901961,
        "f1": 0.7929515418502202,
        "tp": 360,
        "pred": 449,
        "gold": 459
      },
      "品种": {
        "precision": 0.7911646586345381,
        "recall": 0.8914027149321267,
        "f1": 0.8382978723404255,
        "tp": 197,
        "pred": 249,
        "gold": 221
      },
      "其他": {
        "precision": 0.0,
        "recall": 0.0,
        "f1": 0.0,
        "tp": 0,
        "pred": 20,
        "gold": 26
      },
      "公司": {
        "precision": 0.75,
        "recall": 0.72,
        "f1": 0.7346938775510204,
        "tp": 18,
        "pred": 24,
        "gold": 25
      },
      "组织机构": {
        "precision": 0.6326530612244898,
        "recall": 0.7560975609756098,
        "f1": 0.6888888888888889,
        "tp": 31,
        "pred": 49,
        "gold": 41
      },
      "病原": {
        "precision": 0.6271186440677966,
        "recall": 0.7254901960784313,
        "f1": 0.6727272727272727,
        "tp": 37,
        "pred": 59,
        "gold": 51
      },
      "生物介元": {
        "precision": 0.8888888888888888,
        "recall": 0.5517241379310345,
        "f1": 0.6808510638297872,
        "tp": 16,
        "pred": 18,
        "gold": 29
      },
      "肥料": {
        "precision": 0.9,
        "recall": 0.6428571428571429,
        "f1": 0.75,
        "tp": 9,
        "pred": 10,
        "gold": 14
      }
    }
  },
  "re": {
    "micro": {
      "precision": 0.7367576243980738,
      "recall": 0.7746835443037975,
      "f1": 0.7552447552447553
    },
    "tp": 918,
    "pred_total": 1246,
    "gold_total": 1185,
    "per_type": {
      "抗性对象": {
        "precision": 0.6792452830188679,
        "recall": 0.6428571428571429,
        "f1": 0.6605504587155964,
        "tp": 36,
        "pred": 53,
        "gold": 56
      },
      "危害作物": {
        "precision": 0.7250673854447439,
        "recall": 0.798219584569733,
        "f1": 0.7598870056497176,
        "tp": 269,
        "pred": 371,
        "gold": 337
      },
      "防治对象": {
        "precision": 0.86,
        "recall": 0.8958333333333334,
        "f1": 0.8775510204081632,
        "tp": 344,
        "pred": 400,
        "gold": 384
      },
      "适用作物": {
        "precision": 0.7094017094017094,
        "recall": 0.7757009345794392,
        "f1": 0.7410714285714285,
        "tp": 83,
        "pred": 117,
        "gold": 107
      },
      "施用时期": {
        "precision": 0.6428571428571429,
        "recall": 0.5294117647058824,
        "f1": 0.5806451612903226,
        "tp": 36,
        "pred": 56,
        "gold": 68
      },
      "病原为": {
        "precision": 0.2608695652173913,
        "recall": 0.5454545454545454,
        "f1": 0.3529411764705882,
        "tp": 12,
        "pred": 46,
        "gold": 22
      },
      "隶属作物": {
        "precision": 0.7920792079207921,
        "recall": 0.7843137254901961,
        "f1": 0.7881773399014778,
        "tp": 80,
        "pred": 101,
        "gold": 102
      },
      "分类归属": {
        "precision": 0.2,
        "recall": 0.2222222222222222,
        "f1": 0.2105263157894737,
        "tp": 4,
        "pred": 20,
        "gold": 18
      },
      "危害部位": {
        "precision": 0.5230769230769231,
        "recall": 0.6415094339622641,
        "f1": 0.5762711864406779,
        "tp": 34,
        "pred": 65,
        "gold": 53
      },
      "生产研发": {
        "precision": 0.4146341463414634,
        "recall": 0.68,
        "f1": 0.5151515151515151,
        "tp": 17,
        "pred": 41,
        "gold": 25
      },
      "传播病原": {
        "precision": 1.0,
        "recall": 0.23076923076923078,
        "f1": 0.375,
        "tp": 3,
        "pred": 3,
        "gold": 13
      },
      "病害为": {
        "precision": 0.0,
        "recall": 0.0,
        "f1": 0.0,
        "tp": 0,
        "pred": 4,
        "gold": 0
      }
    }
  },
  "total_samples": 1217,
  "task_distribution": {
    "topic": 300,
    "ner": 597,
    "re": 320
  }
}