{
  "topic": {
    "precision": 0.8212290502793296,
    "recall": 0.84,
    "f1": 0.8305084745762711,
    "accuracy": 0.8,
    "correct": 240,
    "total": 300,
    "tp": 147,
    "fp": 32,
    "fn": 28,
    "tn": 93
  },
  "ner": {
    "micro": {
      "precision": 0.6717585692995529,
      "recall": 0.7168986083499006,
      "f1": 0.6935949221004039
    },
    "tp": 1803,
    "pred_total": 2684,
    "gold_total": 2515,
    "per_type": {
      "虫害": {
        "precision": 0.8434442270058709,
        "recall": 0.8760162601626016,
        "f1": 0.8594217347956131,
        "tp": 431,
        "pred": 511,
        "gold": 492
      },
      "周期": {
        "precision": 0.59765625,
        "recall": 0.4722222222222222,
        "f1": 0.5275862068965517,
        "tp": 153,
        "pred": 256,
        "gold": 324
      },
      "部位": {
        "precision": 0.5925925925925926,
        "recall": 0.42780748663101603,
        "f1": 0.4968944099378882,
        "tp": 80,
        "pred": 135,
        "gold": 187
      },
      "药剂": {
        "precision": 0.669833729216152,
        "recall": 0.6143790849673203,
        "f1": 0.6409090909090909,
        "tp": 282,
        "pred": 421,
        "gold": 459
      },
      "病原": {
        "precision": 0.3557692307692308,
        "recall": 0.7254901960784313,
        "f1": 0.47741935483870973,
        "tp": 37,
        "pred": 104,
        "gold": 51
      },
      "作物": {
        "precision": 0.6960556844547564,
        "recall": 0.8426966292134831,
        "f1": 0.7623888182973316,
        "tp": 300,
        "pred": 431,
        "gold": 356
      },
      "品种": {
        "precision": 0.5909090909090909,
        "recall": 0.8823529411764706,
        "f1": 0.7078039927404719,
        "tp": 195,
        "pred": 330,
        "gold": 221
      },
      "病害": {
        "precision": 0.8758620689655172,
        "recall": 0.8758620689655172,
        "f1": 0.8758620689655172,
        "tp": 254,
        "pred": 290,
        "gold": 290
      },
      "其他": {
        "precision": 0.0,
        "recall": 0.0,
        "f1": 0.0,
        "tp": 0,
        "pred": 0,
        "gold": 26
      },
      "组织机构": {
        "precision": 0.2605042016806723,
        "recall": 0.7560975609756098,
        "f1": 0.3875,
        "tp": 31,
        "pred": 119,
        "gold": 41
      },
      "公司": {
        "precision": 0.25,
        "recall": 0.72,
        "f1": 0.3711340206185567,
        "tp": 18,
        "pred": 72,
        "gold": 25
      },
      "生物介元": {
        "precision": 0.23404255319148937,
        "recall": 0.3793103448275862,
        "f1": 0.2894736842105263,
        "tp": 11,
        "pred": 47,
        "gold": 29
      },
      "肥料": {
        "precision": 0.55,
        "recall": 0.7857142857142857,
        "f1": 0.6470588235294117,
        "tp": 11,
        "pred": 20,
        "gold": 14
      }
    }
  },
  "re": {
    "micro": {
      "precision": 0.7709147771696638,
      "recall": 0.8320675105485232,
      "f1": 0.8003246753246753
    },
    "tp": 986,
    "pred_total": 1279,
    "gold_total": 1185,
    "per_type": {
      "防治对象": {
        "precision": 0.9509536784741145,
        "recall": 0.9088541666666666,
        "f1": 0.929427430093209,
        "tp": 349,
        "pred": 367,
        "gold": 384
      },
      "危害部位": {
        "precision": 0.6025641025641025,
        "recall": 0.8867924528301887,
        "f1": 0.7175572519083969,
        "tp": 47,
        "pred": 78,
        "gold": 53
      },
      "施用时期": {
        "precision": 0.6413043478260869,
        "recall": 0.8676470588235294,
        "f1": 0.7375,
        "tp": 59,
        "pred": 92,
        "gold": 68
      },
      "抗性对象": {
        "precision": 0.5851063829787234,
        "recall": 0.9821428571428571,
        "f1": 0.7333333333333334,
        "tp": 55,
        "pred": 94,
        "gold": 56
      },
      "危害作物": {
        "precision": 0.9007352941176471,
        "recall": 0.7270029673590505,
        "f1": 0.8045977011494253,
        "tp": 245,
        "pred": 272,
        "gold": 337
      },
      "适用作物": {
        "precision": 0.8469387755102041,
        "recall": 0.7757009345794392,
        "f1": 0.8097560975609756,
        "tp": 83,
        "pred": 98,
        "gold": 107
      },
      "病原为": {
        "precision": 0.5555555555555556,
        "recall": 0.6818181818181818,
        "f1": 0.6122448979591836,
        "tp": 15,
        "pred": 27,
        "gold": 22
      },
      "传播病原": {
        "precision": 0.7222222222222222,
        "recall": 1.0,
        "f1": 0.8387096774193548,
        "tp": 13,
        "pred": 18,
        "gold": 13
      },
      "隶属作物": {
        "precision": 0.776,
        "recall": 0.9509803921568627,
        "f1": 0.8546255506607929,
        "tp": 97,
        "pred": 125,
        "gold": 102
      },
      "分类归属": {
        "precision": 0.15942028985507245,
        "recall": 0.6111111111111112,
        "f1": 0.2528735632183908,
        "tp": 11,
        "pred": 69,
        "gold": 18
      },
      "生产研发": {
        "precision": 0.3076923076923077,
        "recall": 0.48,
        "f1": 0.37500000000000006,
        "tp": 12,
        "pred": 39,
        "gold": 25
      }
    }
  },
  "total_samples": 1217,
  "task_distribution": {
    "topic": 300,
    "ner": 597,
    "re": 320
  }
}