{
  "topic": {
    "precision": 0.6863636363636364,
    "recall": 0.8628571428571429,
    "f1": 0.7645569620253164,
    "accuracy": 0.69,
    "correct": 207,
    "total": 300,
    "tp": 151,
    "fp": 69,
    "fn": 24,
    "tn": 56
  },
  "ner": {
    "micro": {
      "precision": 0.4367846686185787,
      "recall": 0.6524850894632207,
      "f1": 0.5232780612244898
    },
    "tp": 1641,
    "pred_total": 3757,
    "gold_total": 2515,
    "per_type": {
      "药剂": {
        "precision": 0.4488517745302714,
        "recall": 0.4684095860566449,
        "f1": 0.4584221748400853,
        "tp": 215,
        "pred": 479,
        "gold": 459
      },
      "虫害": {
        "precision": 0.7054794520547946,
        "recall": 0.8373983739837398,
        "f1": 0.7657992565055763,
        "tp": 412,
        "pred": 584,
        "gold": 492
      },
      "作物": {
        "precision": 0.41569767441860467,
        "recall": 0.8033707865168539,
        "f1": 0.5478927203065135,
        "tp": 286,
        "pred": 688,
        "gold": 356
      },
      "化合物": {
        "precision": 0.0,
        "recall": 0.0,
        "f1": 0.0,
        "tp": 0,
        "pred": 1,
        "gold": 0
      },
      "部位": {
        "precision": 0.17970401691331925,
        "recall": 0.45454545454545453,
        "f1": 0.25757575757575757,
        "tp": 85,
        "pred": 473,
        "gold": 187
      },
      "周期": {
        "precision": 0.13237063778580024,
        "recall": 0.3395061728395062,
        "f1": 0.1904761904761905,
        "tp": 110,
        "pred": 831,
        "gold": 324
      },
      "地点": {
        "precision": 0.0,
        "recall": 0.0,
        "f1": 0.0,
        "tp": 0,
        "pred": 180,
        "gold": 0
      },
      "品种": {
        "precision": 0.5735735735735735,
        "recall": 0.8642533936651584,
        "f1": 0.6895306859205775,
        "tp": 191,
        "pred": 333,
        "gold": 221
      },
      "病原": {
        "precision": 0.3185840707964602,
        "recall": 0.7058823529411765,
        "f1": 0.4390243902439025,
        "tp": 36,
        "pred": 113,
        "gold": 51
      },
      "生物介元": {
        "precision": 0.02185792349726776,
        "recall": 0.13793103448275862,
        "f1": 0.03773584905660377,
        "tp": 4,
        "pred": 183,
        "gold": 29
      },
      "病害": {
        "precision": 0.7561728395061729,
        "recall": 0.8448275862068966,
        "f1": 0.7980456026058633,
        "tp": 245,
        "pred": 324,
        "gold": 290
      },
      "设备": {
        "precision": 0.0,
        "recall": 0.0,
        "f1": 0.0,
        "tp": 0,
        "pred": 4,
        "gold": 0
      },
      "其他": {
        "precision": 0.0,
        "recall": 0.0,
        "f1": 0.0,
        "tp": 0,
        "pred": 31,
        "gold": 26
      },
      "方法": {
        "precision": 0.0,
        "recall": 0.0,
        "f1": 0.0,
        "tp": 0,
        "pred": 10,
        "gold": 0
      },
      "图表": {
        "precision": 0.0,
        "recall": 0.0,
        "f1": 0.0,
        "tp": 0,
        "pred": 1,
        "gold": 0
      },
      "组织机构": {
        "precision": 0.4918032786885246,
        "recall": 0.7317073170731707,
        "f1": 0.5882352941176471,
        "tp": 30,
        "pred": 61,
        "gold": 41
      },
      "地区": {
        "precision": 0.0,
        "recall": 0.0,
        "f1": 0.0,
        "tp": 0,
        "pred": 17,
        "gold": 0
      },
      "症状": {
        "precision": 0.0,
        "recall": 0.0,
        "f1": 0.0,
        "tp": 0,
        "pred": 13,
        "gold": 0
      },
      "作物栽培方式": {
        "precision": 0.0,
        "recall": 0.0,
        "f1": 0.0,
        "tp": 0,
        "pred": 1,
        "gold": 0
      },
      "病因": {
        "precision": 0.0,
        "recall": 0.0,
        "f1": 0.0,
        "tp": 0,
        "pred": 1,
        "gold": 0
      },
      "公司": {
        "precision": 0.7083333333333334,
        "recall": 0.68,
        "f1": 0.6938775510204083,
        "tp": 17,
        "pred": 24,
        "gold": 25
      },
      "地貌": {
        "precision": 0.0,
        "recall": 0.0,
        "f1": 0.0,
        "tp": 0,
        "pred": 2,
        "gold": 0
      },
      "软件": {
        "precision": 0.0,
        "recall": 0.0,
        "f1": 0.0,
        "tp": 0,
        "pred": 4,
        "gold": 0
      },
      "基因": {
        "precision": 0.0,
        "recall": 0.0,
        "f1": 0.0,
        "tp": 0,
        "pred": 4,
        "gold": 0
      },
      "技术方法": {
        "precision": 0.0,
        "recall": 0.0,
        "f1": 0.0,
        "tp": 0,
        "pred": 1,
        "gold": 0
      },
      "属性": {
        "precision": 0.0,
        "recall": 0.0,
        "f1": 0.0,
        "tp": 0,
        "pred": 3,
        "gold": 0
      },
      "概念": {
        "precision": 0.0,
        "recall": 0.0,
        "f1": 0.0,
        "tp": 0,
        "pred": 3,
        "gold": 0
      },
      "作物处理方式": {
        "precision": 0.0,
        "recall": 0.0,
        "f1": 0.0,
        "tp": 0,
        "pred": 2,
        "gold": 0
      },
      "技术": {
        "precision": 0.0,
        "recall": 0.0,
        "f1": 0.0,
        "tp": 0,
        "pred": 13,
        "gold": 0
      },
      "性状": {
        "precision": 0.0,
        "recall": 0.0,
        "f1": 0.0,
        "tp": 0,
        "pred": 12,
        "gold": 0
      },
      "材料": {
        "precision": 0.0,
        "recall": 0.0,
        "f1": 0.0,
        "tp": 0,
        "pred": 6,
        "gold": 0
      },
      "未知": {
        "precision": 0.0,
        "recall": 0.0,
        "f1": 0.0,
        "tp": 0,
        "pred": 7,
        "gold": 0
      },
      "菌株": {
        "precision": 0.0,
        "recall": 0.0,
        "f1": 0.0,
        "tp": 0,
        "pred": 5,
        "gold": 0
      },
      "肥料": {
        "precision": 0.3225806451612903,
        "recall": 0.7142857142857143,
        "f1": 0.4444444444444444,
        "tp": 10,
        "pred": 31,
        "gold": 14
      },
      "作物种植技术": {
        "precision": 0.0,
        "recall": 0.0,
        "f1": 0.0,
        "tp": 0,
        "pred": 1,
        "gold": 0
      },
      "特性": {
        "precision": 0.0,
        "recall": 0.0,
        "f1": 0.0,
        "tp": 0,
        "pred": 6,
        "gold": 0
      },
      "产量单位": {
        "precision": 0.0,
        "recall": 0.0,
        "f1": 0.0,
        "tp": 0,
        "pred": 2,
        "gold": 0
      },
      "方向": {
        "precision": 0.0,
        "recall": 0.0,
        "f1": 0.0,
        "tp": 0,
        "pred": 3,
        "gold": 0
      },
      "措施": {
        "precision": 0.0,
        "recall": 0.0,
        "f1": 0.0,
        "tp": 0,
        "pred": 1,
        "gold": 0
      },
      "作物生长阶段": {
        "precision": 0.0,
        "recall": 0.0,
        "f1": 0.0,
        "tp": 0,
        "pred": 3,
        "gold": 0
      },
      "政策": {
        "precision": 0.0,
        "recall": 0.0,
        "f1": 0.0,
        "tp": 0,
        "pred": 1,
        "gold": 0
      },
      "时间": {
        "precision": 0.0,
        "recall": 0.0,
        "f1": 0.0,
        "tp": 0,
        "pred": 12,
        "gold": 0
      },
      "过程": {
        "precision": 0.0,
        "recall": 0.0,
        "f1": 0.0,
        "tp": 0,
        "pred": 2,
        "gold": 0
      },
      "颜色": {
        "precision": 0.0,
        "recall": 0.0,
        "f1": 0.0,
        "tp": 0,
        "pred": 3,
        "gold": 0
      },
      "形状": {
        "precision": 0.0,
        "recall": 0.0,
        "f1": 0.0,
        "tp": 0,
        "pred": 5,
        "gold": 0
      },
      "人物": {
        "precision": 0.0,
        "recall": 0.0,
        "f1": 0.0,
        "tp": 0,
        "pred": 3,
        "gold": 0
      },
      "作物部位": {
        "precision": 0.0,
        "recall": 0.0,
        "f1": 0.0,
        "tp": 0,
        "pred": 6,
        "gold": 0
      },
      "数量": {
        "precision": 0.0,
        "recall": 0.0,
        "f1": 0.0,
        "tp": 0,