{
  "accuracy": 0.8624472573839662,
  "precision": 0.8534979423868313,
  "recall": 0.8751054852320675,
  "f1": 0.8641666666666666,
  "tp": 1037,
  "fp": 178,
  "tn": 1007,
  "fn": 148,
  "positive_samples": 1185,
  "negative_samples": 1185,
  "total_samples": 2370
}