{
  "binary_classification": {
    "precision": 0.5361507128309573,
    "recall": 0.8886075949367088,
    "f1": 0.6687837408701175,
    "accuracy": 0.559915611814346,
    "tp": 1053,
    "fp": 911,
    "fn": 132,
    "tn": 274,
    "total": 2370
  }
}