{
  "binary_classification": {
    "precision": 0.9949622166246851,
    "recall": 1.0,
    "f1": 0.9974747474747475,
    "accuracy": 0.9974683544303797,
    "tp": 1185,
    "fp": 6,
    "fn": 0,
    "tn": 1179,
    "total": 2370
  }
}